,AccountType,ActualScenario,BudgetScenario,ForecastScenario
0,Assets,110701.15619929452,,
1,Balances,11256.93288590604,,
2,Expenditures,3647.7675383228175,3757.8061224489797,
3,Flow,382.44594594594594,,
4,Liabilities,119785.41138358777,,
5,Revenue,30876.12924278844,186287.87878787878,
